Date ,Name, Source, Destination, DisplayAddress, Ping, Latency, Status, BufferSize
"08-01-2022 10:52","John Smith","mt-dsk-5631" , "69.145.95.35" , "69.145.95.35" , "1" , "40" , "Success" , "32"
"08-01-2022 10:52","John Smith","mt-dsk-5631" , "69.145.95.35" , "69.145.95.35" , "2" , "41" , "Success" , "32"
"08-01-2022 10:52","John Smith","mt-dsk-5631" , "69.145.95.35" , "69.145.95.35" , "3" , "42" , "Success" , "32"
"08-01-2022 10:52","John Smith","mt-dsk-5631" , "69.145.95.35" , "69.145.95.35" , "4" , "42" , "Success" , "32"
"08-01-2022 10:52","Sohn Jmith","mt-dsk-5631" , "72.175.54.151" , "*" , "1" , "0" , "TimedOut" , "32"
"08-01-2022 10:52","Sohn Jmith","mt-dsk-5631" , "72.175.54.151" , "*" , "2" , "0" , "TimedOut" , "32"
"08-01-2022 10:52","Sohn Jmith","mt-dsk-5631" , "72.175.54.151" , "*" , "3" , "0" , "TimedOut" , "32"
"08-01-2022 10:52","Sohn Jmith","mt-dsk-5631" , "72.175.54.151" , "*" , "4" , "0" , "TimedOut" , "32"
"08-01-2022 10:52","Jim Bean","mt-dsk-5631" , "38.141.44.77" , "38.141.44.77" , "1" , "30" , "Success" , "32"
"08-01-2022 10:52","Jim Bean","mt-dsk-5631" , "38.141.44.77" , "38.141.44.77" , "2" , "30" , "Success" , "32"
"08-01-2022 10:52","Jim Bean","mt-dsk-5631" , "38.141.44.77" , "38.141.44.77" , "3" , "30" , "Success" , "32"
"08-01-2022 10:52","Jim Bean","mt-dsk-5631" , "38.141.44.77" , "38.141.44.77" , "4" , "30" , "Success" , "32"
"08-01-2022 10:52","Bim Jean","mt-dsk-5631" , "114.142.242.92" , "114.142.242.92" , "1" , "221" , "Success" , "32"
"08-01-2022 10:52","Bim Jean","mt-dsk-5631" , "114.142.242.92" , "114.142.242.92" , "2" , "210" , "Success" , "32"
"08-01-2022 10:52","Bim Jean","mt-dsk-5631" , "114.142.242.92" , "114.142.242.92" , "3" , "207" , "Success" , "32"
"08-01-2022 10:52","Bim Jean","mt-dsk-5631" , "114.142.242.92" , "114.142.242.92" , "4" , "267" , "Success" , "32"

"08-01-2022 10:53","John Smith","mt-dsk-5631" , "69.145.95.35" , "69.145.95.35" , "1" , "40" , "Success" , "32"
"08-01-2022 10:53","John Smith","mt-dsk-5631" , "69.145.95.35" , "69.145.95.35" , "2" , "40" , "Success" , "32"
"08-01-2022 10:53","John Smith","mt-dsk-5631" , "69.145.95.35" , "69.145.95.35" , "3" , "44" , "Success" , "32"
"08-01-2022 10:53","John Smith","mt-dsk-5631" , "69.145.95.35" , "69.145.95.35" , "4" , "40" , "Success" , "32"
"08-01-2022 10:53","Sohn Jmith","mt-dsk-5631" , "72.175.54.151" , "*" , "1" , "0" , "TimedOut" , "32"
"08-01-2022 10:53","Sohn Jmith","mt-dsk-5631" , "72.175.54.151" , "*" , "2" , "0" , "TimedOut" , "32"
"08-01-2022 10:53","Sohn Jmith","mt-dsk-5631" , "72.175.54.151" , "*" , "3" , "0" , "TimedOut" , "32"
"08-01-2022 10:53","Sohn Jmith","mt-dsk-5631" , "72.175.54.151" , "*" , "4" , "0" , "TimedOut" , "32"
"08-01-2022 10:53","Jim Bean","mt-dsk-5631" , "38.141.44.77" , "38.141.44.77" , "1" , "30" , "Success" , "32"
"08-01-2022 10:53","Jim Bean","mt-dsk-5631" , "38.141.44.77" , "38.141.44.77" , "2" , "30" , "Success" , "32"
"08-01-2022 10:53","Jim Bean","mt-dsk-5631" , "38.141.44.77" , "38.141.44.77" , "3" , "30" , "Success" , "32"
"08-01-2022 10:53","Jim Bean","mt-dsk-5631" , "38.141.44.77" , "38.141.44.77" , "4" , "30" , "Success" , "32"
"08-01-2022 10:53","Bim Jean","mt-dsk-5631" , "114.142.242.92" , "114.142.242.92" , "1" , "398" , "Success" , "32"
"08-01-2022 10:53","Bim Jean","mt-dsk-5631" , "114.142.242.92" , "114.142.242.92" , "2" , "304" , "Success" , "32"
"08-01-2022 10:53","Bim Jean","mt-dsk-5631" , "114.142.242.92" , "114.142.242.92" , "3" , "277" , "Success" , "32"
"08-01-2022 10:53","Bim Jean","mt-dsk-5631" , "114.142.242.92" , "114.142.242.92" , "4" , "236" , "Success" , "32"

